timestamp,temperature,humidity
2024-06-29 11:32:55.119669,20.06949409262641,48.228346543495704
2024-06-29 11:33:55.119669,21.011867765439874,40.987209487078054
2024-06-29 11:34:55.119669,24.300948996146907,46.227821441766075
2024-06-29 11:35:55.119669,25.163472883510103,57.45849070885723
2024-06-29 11:36:55.119669,26.11600782606891,56.30930115519163
2024-06-29 11:37:55.119669,26.369831733162332,46.464160941136285
2024-06-29 11:38:55.119669,26.37046547582277,54.75202153437613
2024-06-29 11:39:55.119669,26.057465393311787,54.94355254671315
2024-06-29 11:40:55.119669,25.878655823888064,50.27959483792898
2024-06-29 11:41:55.119669,27.357031697561013,55.039728164672354
2024-06-29 11:42:55.119669,23.094719445069174,43.18767565197395
2024-06-29 11:43:55.119669,29.112625051798794,41.08173360967578
2024-06-29 11:44:55.119669,25.877463970418006,54.928764799075985
2024-06-29 11:45:55.119669,20.652070471406898,57.673572649160135
2024-06-29 11:46:55.119669,22.305084664097876,49.9108454678729
2024-06-29 11:47:55.119669,25.06342503788612,57.06814827326433
2024-06-29 11:48:55.119669,28.99076318773685,51.16838560376837
2024-06-29 11:49:55.119669,23.886379438424118,40.0929493991062
2024-06-29 11:50:55.119669,22.100745004388386,45.46460075067516
2024-06-29 11:51:55.119669,23.853566053223282,52.56786084187942
2024-06-29 11:52:55.119669,22.92526389153444,49.745909504385395
2024-06-29 11:53:55.119669,20.371442271319562,41.976407626648395
2024-06-29 11:54:55.119669,23.982700960626815,41.419603204954015
2024-06-29 11:55:55.119669,28.676938412348086,42.041664434353066
2024-06-29 11:56:55.119669,24.069424517220757,47.67420077813505
2024-06-29 11:57:55.119669,26.834626366033323,52.11620080629241
2024-06-29 11:58:55.119669,29.93713924841449,45.078661985399464
2024-06-29 11:59:55.119669,20.515186959856177,42.14551933323333
2024-06-29 12:00:55.119669,26.95196948739286,55.29963927471492
2024-06-29 12:01:55.119669,29.835449673981188,49.21793957128126
2024-06-29 12:02:55.119669,25.21609292531143,46.87368554598023
2024-06-29 12:03:55.119669,23.590616748992378,45.735920259936464
2024-06-29 12:04:55.119669,25.248656249530725,47.8094546755352
2024-06-29 12:05:55.119669,24.98408113601771,41.93268344183103
2024-06-29 12:06:55.119669,25.07008083644847,45.105103882069706
2024-06-29 12:07:55.119669,22.099324631107653,58.96659675462101
2024-06-29 12:08:55.119669,28.889260426829207,59.70918345244985
2024-06-29 12:09:55.119669,27.219491569043928,40.93799827382271
2024-06-29 12:10:55.119669,29.6199525513615,45.197964510473334
2024-06-29 12:11:55.119669,21.51966186764197,45.44834589568667
2024-06-29 12:12:55.119669,23.035102559805928,52.56084039859259
2024-06-29 12:13:55.119669,25.799373756516584,50.89250966939854
2024-06-29 12:14:55.119669,23.227571090929388,57.847581639751795
2024-06-29 12:15:55.119669,29.34281259611846,56.22117500424162
2024-06-29 12:16:55.119669,24.126284739090348,52.02527964939141
2024-06-29 12:17:55.119669,25.514673056711686,40.28250100866258
2024-06-29 12:18:55.119669,20.176980928783063,59.61767625335636
2024-06-29 12:19:55.119669,21.55637783394354,48.06857923083513
2024-06-29 12:20:55.119669,21.314220530279137,46.72603285659882
2024-06-29 12:21:55.119669,26.09090126824001,43.993277512172085
2024-06-29 12:22:55.119669,27.25048480467868,59.918910636867004
2024-06-29 12:23:55.119669,28.66734661253111,53.73498344498031
2024-06-29 12:24:55.119669,27.76500883452281,48.107828117792195
2024-06-29 12:25:55.119669,23.22210809271864,45.71185554333722
2024-06-29 12:26:55.119669,22.318474129945457,58.673418894070025
2024-06-29 12:27:55.119669,27.175328031250334,48.35037797519938
2024-06-29 12:28:55.119669,21.42162451874288,43.12659863583703
2024-06-29 12:29:55.119669,25.354424894952494,41.30898818885911
2024-06-29 12:30:55.119669,22.436572614295798,48.57849387007826
2024-06-29 12:31:55.119669,28.9957262029347,41.7511841426433
2024-06-29 12:32:55.119669,23.895761337318095,57.73152343338887
2024-06-29 12:33:55.119669,20.04927193583423,41.72131230507893
2024-06-29 12:34:55.119669,29.567137904447474,55.40350965457533
2024-06-29 12:35:55.119669,25.24507691176705,45.738335482308806
2024-06-29 12:36:55.119669,27.59505827773487,43.54285669617968
2024-06-29 12:37:55.119669,28.232854443946437,40.09540173530053
2024-06-29 12:38:55.119669,24.915659301168766,57.207732259838565
2024-06-29 12:39:55.119669,24.783325105903657,43.353675443473435
2024-06-29 12:40:55.119669,20.288870948036994,40.60387909430261
2024-06-29 12:41:55.119669,21.517876385090506,56.617126467485406
2024-06-29 12:42:55.119669,24.160183906488648,47.838507766011034
2024-06-29 12:43:55.119669,22.48108866832663,49.74317467131117
2024-06-29 12:44:55.119669,27.19450354441686,58.65728179712237
2024-06-29 12:45:55.119669,27.757409762503062,45.43749006013378
2024-06-29 12:46:55.119669,29.264407114321145,48.99304248533505
2024-06-29 12:47:55.119669,29.637904138341717,48.66119169911908
2024-06-29 12:48:55.119669,27.462209066051315,58.6752573666354
2024-06-29 12:49:55.119669,22.290372147461547,52.2372903255276
2024-06-29 12:50:55.119669,26.717784913237836,44.08292669438968
2024-06-29 12:51:55.119669,20.36915591716379,54.81949355694493
2024-06-29 12:52:55.119669,23.936820217034743,50.68030513898866
2024-06-29 12:53:55.119669,26.567161467012212,45.27522605733813
2024-06-29 12:54:55.119669,29.05554220687963,59.42693956707629
2024-06-29 12:55:55.119669,28.479603476446492,57.66909087459095
2024-06-29 12:56:55.119669,20.549360531582284,43.76225250202104
2024-06-29 12:57:55.119669,29.009726188069486,46.530634859505994
2024-06-29 12:58:55.119669,24.680680711781086,56.47655423950558
2024-06-29 12:59:55.119669,20.26766995280722,45.456146590862254
2024-06-29 13:00:55.119669,24.615572610224334,56.16443563826827
2024-06-29 13:01:55.119669,29.94325504130255,57.04212536938088
2024-06-29 13:02:55.119669,27.823636805759683,45.73279970280893
2024-06-29 13:03:55.119669,22.827457396620417,51.39075518315309
2024-06-29 13:04:55.119669,26.83853955306292,51.712012335611504
2024-06-29 13:05:55.119669,27.37437506978165,54.4083030754347
2024-06-29 13:06:55.119669,23.086254472722153,48.77813717984884
2024-06-29 13:07:55.119669,24.753496065561137,41.321692740679644
2024-06-29 13:08:55.119669,29.20076692822755,57.97884827327363
2024-06-29 13:09:55.119669,20.510604497074176,54.08875256130127
2024-06-29 13:10:55.119669,24.07978596507079,41.732977250210034
2024-06-29 13:11:55.119669,28.603961210084847,50.20215769126066
2024-06-29 13:12:55.119669,27.298557795667787,43.19531720962976
2024-06-29 13:13:55.119669,29.384158814404962,42.20272152456014
2024-06-29 13:14:55.119669,22.47082680345457,40.788132655212614
2024-06-29 13:15:55.119669,28.575856499116753,46.10397553700879
2024-06-29 13:16:55.119669,25.44934604296509,53.40660307979472
2024-06-29 13:17:55.119669,29.432914718265238,46.66696703678445
2024-06-29 13:18:55.119669,28.324685256956442,50.672376318956424
2024-06-29 13:19:55.119669,29.617339055242436,51.41920121239308
2024-06-29 13:20:55.119669,29.747611031982146,55.97382152375001
2024-06-29 13:21:55.119669,22.7610762382156,49.35261924020371
2024-06-29 13:22:55.119669,22.818940930513598,57.84400667861873
2024-06-29 13:23:55.119669,26.233579628813946,46.75851325426591
2024-06-29 13:24:55.119669,27.94688788785912,47.37481639314723
2024-06-29 13:25:55.119669,29.503917850453632,57.3403577461476
2024-06-29 13:26:55.119669,22.706558498026773,50.931066422365326
2024-06-29 13:27:55.119669,21.116973322943615,59.7763529986062
2024-06-29 13:28:55.119669,29.735324274698545,54.08703279881303
2024-06-29 13:29:55.119669,22.2620278294565,52.44340184149158
2024-06-29 13:30:55.119669,25.110422616532908,59.84576113670025
2024-06-29 13:31:55.119669,27.72103300776431,40.45559832390611
2024-06-29 13:32:55.119669,24.810459988130173,44.93098965329731
2024-06-29 13:33:55.119669,26.782295369667537,58.61285845427922
2024-06-29 13:34:55.119669,28.98661097460734,48.82407259962166
2024-06-29 13:35:55.119669,21.42511631058696,59.42464716424281
2024-06-29 13:36:55.119669,27.919975876257592,42.42550341872599
2024-06-29 13:37:55.119669,27.54363214088415,48.384235977096544
2024-06-29 13:38:55.119669,28.466597310999987,42.85126200060714
2024-06-29 13:39:55.119669,24.637862868568703,49.20598019002497
2024-06-29 13:40:55.119669,27.060012553345175,45.27356297422854
2024-06-29 13:41:55.119669,24.99464940832732,47.60400452329847
2024-06-29 13:42:55.119669,26.11386487352868,43.09790579419907
2024-06-29 13:43:55.119669,22.387215116013973,59.585493717366454
2024-06-29 13:44:55.119669,23.304503536065184,43.73340792103409
2024-06-29 13:45:55.119669,23.922578844839258,44.84548236810181
2024-06-29 13:46:55.119669,23.48086586937189,49.01269775969784
2024-06-29 13:47:55.119669,23.41042829242128,41.17891658329343
2024-06-29 13:48:55.119669,28.780862431957747,49.76899244892712
2024-06-29 13:49:55.119669,20.944025109739773,45.43301353229781
2024-06-29 13:50:55.119669,25.773979242866105,47.60984893396675
2024-06-29 13:51:55.119669,28.92633311372299,42.44032835748557
2024-06-29 13:52:55.119669,26.761417155194323,50.375235627154034
2024-06-29 13:53:55.119669,20.691439155258887,46.722698841435225
2024-06-29 13:54:55.119669,25.560187871917456,55.31530413477996
2024-06-29 13:55:55.119669,27.0555506902973,58.42913719509701
2024-06-29 13:56:55.119669,21.323620930801976,45.220430636982464
2024-06-29 13:57:55.119669,26.533103013223425,54.379475670628636
2024-06-29 13:58:55.119669,24.85252736261097,48.39046373419637
2024-06-29 13:59:55.119669,22.001733788129933,53.604324011462616
2024-06-29 14:00:55.119669,20.239327006518092,51.63067621376106
2024-06-29 14:01:55.119669,29.537842053098398,47.28439619514943
2024-06-29 14:02:55.119669,27.18250938345191,44.447906088185746
2024-06-29 14:03:55.119669,29.114793686779898,50.679230046276686
2024-06-29 14:04:55.119669,26.06288227226368,51.75866619158677
2024-06-29 14:05:55.119669,24.458830236942525,55.91690595276617
2024-06-29 14:06:55.119669,20.21918730784369,46.31896943813931
2024-06-29 14:07:55.119669,29.531668951949744,57.37835536557001
2024-06-29 14:08:55.119669,25.973606013321326,53.017549256554844
2024-06-29 14:09:55.119669,23.45648698371769,49.78628451072287
2024-06-29 14:10:55.119669,28.726368677045635,57.308715846985784
2024-06-29 14:11:55.119669,22.016826331884715,50.193141417785114
2024-06-29 14:12:55.119669,28.857828956899855,42.99241238471561
2024-06-29 14:13:55.119669,24.48006534092802,45.69534128396607
2024-06-29 14:14:55.119669,22.971100322786913,59.07902146376584
2024-06-29 14:15:55.119669,27.95735696426847,57.02883191660237
2024-06-29 14:16:55.119669,26.38006954915238,56.77007451674204
2024-06-29 14:17:55.119669,24.650624162655035,51.28246591821819
2024-06-29 14:18:55.119669,24.83828735989753,50.27932542749474
2024-06-29 14:19:55.119669,20.6490497375668,54.61661948948284
2024-06-29 14:20:55.119669,21.124096478369083,42.88687567663545
2024-06-29 14:21:55.119669,24.243098668006006,45.218245722679654
2024-06-29 14:22:55.119669,27.235521985054447,49.27752289810333
2024-06-29 14:23:55.119669,26.626576956227005,48.1786100639106
2024-06-29 14:24:55.119669,21.31732713107779,44.08916998769363
2024-06-29 14:25:55.119669,21.620137620340447,49.06349657965832
2024-06-29 14:26:55.119669,26.557519067992285,47.774650052919064
2024-06-29 14:27:55.119669,27.991247651162876,55.498907427906836
2024-06-29 14:28:55.119669,29.27173703364739,41.30584575730617
2024-06-29 14:29:55.119669,28.713341996780382,41.49921637864709
2024-06-29 14:30:55.119669,23.37818564534006,53.65824891490165
2024-06-29 14:31:55.119669,20.54911791756194,43.93174661246276
2024-06-29 14:32:55.119669,27.006851456663746,45.589597167339406
2024-06-29 14:33:55.119669,21.791184365139767,51.512603171759174
2024-06-29 14:34:55.119669,29.543485166839577,42.42459216311826
2024-06-29 14:35:55.119669,26.955096425349392,53.6243727874782
2024-06-29 14:36:55.119669,21.793586243813266,46.74141191193607
2024-06-29 14:37:55.119669,23.076261090679118,53.78275909864
2024-06-29 14:38:55.119669,24.73931869426446,58.37268396633794
2024-06-29 14:39:55.119669,22.60017485124387,47.37222747268052
2024-06-29 14:40:55.119669,21.950236441021858,49.442866155140905
2024-06-29 14:41:55.119669,21.017457409720013,50.01157341720619
2024-06-29 14:42:55.119669,21.792822679496766,50.98992099394248
2024-06-29 14:43:55.119669,28.871217716879187,57.57212840328983
2024-06-29 14:44:55.119669,21.660628197463804,58.84324156356654
2024-06-29 14:45:55.119669,23.235360452966795,45.76224667920322
2024-06-29 14:46:55.119669,21.83090618378674,41.7635714249587
2024-06-29 14:47:55.119669,23.180261654071533,59.730922749290634
2024-06-29 14:48:55.119669,21.95749008364722,48.891572747319316
2024-06-29 14:49:55.119669,23.169170499367752,51.04947323687587
2024-06-29 14:50:55.119669,28.753822178156454,40.46875451105018
2024-06-29 14:51:55.119669,25.32028536680618,46.125139680859334
2024-06-29 14:52:55.119669,28.217754167032773,55.21434726648225
2024-06-29 14:53:55.119669,27.77550883302058,53.81685245402199
2024-06-29 14:54:55.119669,23.168555400134604,50.727805825087586
2024-06-29 14:55:55.119669,21.508052492606698,46.49134348176617
2024-06-29 14:56:55.119669,29.12068141308,40.14137831435338
2024-06-29 14:57:55.119669,28.25841166830564,43.24956393256402
2024-06-29 14:58:55.119669,29.649506860785927,56.93390308502357
2024-06-29 14:59:55.119669,28.82858460893932,47.808752420087785
2024-06-29 15:00:55.119669,28.278491032629866,59.920467569166945
2024-06-29 15:01:55.119669,28.615390504883308,56.10102846354566
2024-06-29 15:02:55.119669,23.30084238829946,59.306022900572955
2024-06-29 15:03:55.119669,20.112271268003184,46.040407082037845
2024-06-29 15:04:55.119669,20.491555139073586,49.95255268651625
2024-06-29 15:05:55.119669,25.619964222933334,47.621819318650914
2024-06-29 15:06:55.119669,23.87772130137033,44.89924018966667
2024-06-29 15:07:55.119669,28.308643619160165,55.474957909172794
2024-06-29 15:08:55.119669,26.991563666935996,56.58437664837233
2024-06-29 15:09:55.119669,23.031222758646248,43.970586810135096
2024-06-29 15:10:55.119669,24.35183095269175,45.81329728516988
2024-06-29 15:11:55.119669,21.04174159260346,52.73877327641748
2024-06-29 15:12:55.119669,24.819586682692027,46.864038503039154
2024-06-29 15:13:55.119669,29.799563326941247,52.142996505199164
2024-06-29 15:14:55.119669,21.3766948626504,44.65036934053229
2024-06-29 15:15:55.119669,22.995775110453103,41.33399767166802
2024-06-29 15:16:55.119669,26.903871967204246,42.14503561340739
2024-06-29 15:17:55.119669,24.92820709016918,49.72751636754667
2024-06-29 15:18:55.119669,28.63625592110671,43.01964425994537
2024-06-29 15:19:55.119669,27.8713778674168,40.31354212782274
2024-06-29 15:20:55.119669,24.832246672220883,49.91593593267315
2024-06-29 15:21:55.119669,27.669187007120968,47.08289549457298
2024-06-29 15:22:55.119669,26.733450225008575,55.49662116487494
2024-06-29 15:23:55.119669,29.428328715922362,47.8092611057119
2024-06-29 15:24:55.119669,24.806478520436585,43.646409145586915
2024-06-29 15:25:55.119669,23.062786620481017,51.23526246973165
2024-06-29 15:26:55.119669,25.425220951643695,44.8872910086033
2024-06-29 15:27:55.119669,22.75968797976057,43.87535945594875
2024-06-29 15:28:55.119669,29.079874203983223,51.58792469849811
2024-06-29 15:29:55.119669,22.366155266358,48.52201581084541
2024-06-29 15:30:55.119669,28.284267081791796,45.122148058359784
2024-06-29 15:31:55.119669,29.558647442758613,44.44607268067867
2024-06-29 15:32:55.119669,25.17099965338652,52.83777522462085
2024-06-29 15:33:55.119669,22.002248955874315,55.61648921113359
2024-06-29 15:34:55.119669,22.784656869881506,57.46422195976172
2024-06-29 15:35:55.119669,24.744210789632188,50.72626926538326
2024-06-29 15:36:55.119669,26.95851961221182,54.47676188568263
2024-06-29 15:37:55.119669,29.590385641472878,46.15896725028656
2024-06-29 15:38:55.119669,24.062809881574328,43.1844477106857
2024-06-29 15:39:55.119669,28.86110848790933,51.72437421489983
2024-06-29 15:40:55.119669,23.355036826737734,53.23615994872
2024-06-29 15:41:55.119669,23.756345778132207,42.45879358995423
2024-06-29 15:42:55.119669,29.813683140498714,53.79982042953135
2024-06-29 15:43:55.119669,27.39959075460704,42.567910934061416
2024-06-29 15:44:55.119669,27.316282831927836,49.4216090867573
2024-06-29 15:45:55.119669,28.730528433852257,59.22618686737778
2024-06-29 15:46:55.119669,25.422518969877768,50.15320973480274
2024-06-29 15:47:55.119669,28.704090791261503,40.08332823334005
2024-06-29 15:48:55.119669,26.92833642486012,57.04911207939492
2024-06-29 15:49:55.119669,22.96234621644211,47.01579975905377
2024-06-29 15:50:55.119669,28.03495684024367,40.61668670368303
2024-06-29 15:51:55.119669,26.19196419397207,45.65648590529029
2024-06-29 15:52:55.119669,23.987710493454234,51.51571432337579
2024-06-29 15:53:55.119669,24.105446475263676,58.60673023568215
2024-06-29 15:54:55.119669,27.55156033258286,44.76091482700924
2024-06-29 15:55:55.119669,25.716859575513936,40.53207598017648
2024-06-29 15:56:55.119669,28.18299843637259,48.65914452555565
2024-06-29 15:57:55.119669,23.259188479141844,58.68834551998178
2024-06-29 15:58:55.119669,20.33533493118697,47.624398219191605
2024-06-29 15:59:55.119669,24.251297227483768,52.934278625857445
2024-06-29 16:00:55.119669,29.3861993879401,52.1782574630493
2024-06-29 16:01:55.119669,20.780998520770822,51.50019993475742
2024-06-29 16:02:55.119669,26.343425873757546,55.057208655210594
2024-06-29 16:03:55.119669,28.83941873826272,48.1066826411536
2024-06-29 16:04:55.119669,23.286495137438443,59.385109685344844
2024-06-29 16:05:55.119669,26.700676436416543,41.06749750614716
2024-06-29 16:06:55.119669,28.183562836583928,58.997674449163355
2024-06-29 16:07:55.119669,25.538905402951954,48.50436430647555
2024-06-29 16:08:55.119669,28.263727494256297,48.543188087029634
2024-06-29 16:09:55.119669,25.87043016836956,40.413459601999804
2024-06-29 16:10:55.119669,20.59714709693181,46.649674921877725
2024-06-29 16:11:55.119669,23.583993437413767,59.90396743905463
2024-06-29 16:12:55.119669,28.651950597965396,40.45992458089992
2024-06-29 16:13:55.119669,22.46072320996705,47.57884669224594
2024-06-29 16:14:55.119669,23.549951008570364,44.34591945900286
2024-06-29 16:15:55.119669,24.424624077481475,43.5409297288702
2024-06-29 16:16:55.119669,23.396883386276656,43.11406967236279
2024-06-29 16:17:55.119669,23.736741406077698,43.14697266710938
2024-06-29 16:18:55.119669,23.342623838146178,47.63528071496572
2024-06-29 16:19:55.119669,28.622571493302054,46.11611977607676
2024-06-29 16:20:55.119669,21.35746772610976,56.2329363330784
2024-06-29 16:21:55.119669,26.744590153078256,45.81829568621727
2024-06-29 16:22:55.119669,28.561818242962797,52.306649599242924
2024-06-29 16:23:55.119669,28.08082587093698,55.80703538999842
2024-06-29 16:24:55.119669,25.791224481862464,57.74151562137857
2024-06-29 16:25:55.119669,24.778693208466418,41.83487872588428
2024-06-29 16:26:55.119669,28.61956535960578,53.84073621874256
2024-06-29 16:27:55.119669,21.195796926495763,46.66209534304366
2024-06-29 16:28:55.119669,28.659954178798085,44.26331705413064
2024-06-29 16:29:55.119669,21.388233189402193,51.6368715422967
2024-06-29 16:30:55.119669,20.528910286127648,56.29226801940562
2024-06-29 16:31:55.119669,20.834344062396404,43.90631798219392
2024-06-29 16:32:55.119669,29.478001384910456,56.37627206978493
2024-06-29 16:33:55.119669,27.274452994290517,55.60440157804877
2024-06-29 16:34:55.119669,20.461524072345362,52.92859713431266
2024-06-29 16:35:55.119669,29.26095540082879,55.38194350111445
2024-06-29 16:36:55.119669,20.57281826055062,40.62085561398864
2024-06-29 16:37:55.119669,28.62022000250413,51.86742039888264
2024-06-29 16:38:55.119669,28.288006239890105,52.81816122441257
2024-06-29 16:39:55.119669,22.712656661842754,43.09052854796838
2024-06-29 16:40:55.119669,27.317869702561364,57.10520814529266
2024-06-29 16:41:55.119669,27.94967986826461,56.75212267487181
2024-06-29 16:42:55.119669,26.369395484790893,42.42050886741762
2024-06-29 16:43:55.119669,20.682022123637147,47.044503234144855
2024-06-29 16:44:55.119669,27.813922201593467,56.083912767277035
2024-06-29 16:45:55.119669,20.70566347667534,45.72139714938726
2024-06-29 16:46:55.119669,25.617067849751436,54.101903968621365
2024-06-29 16:47:55.119669,28.313407379889192,59.98517344711866
2024-06-29 16:48:55.119669,29.581390463525885,57.92061075699302
2024-06-29 16:49:55.119669,23.49153747284108,43.450850160034435
2024-06-29 16:50:55.119669,27.1656695879715,51.8194186177105
2024-06-29 16:51:55.119669,27.156657170182985,42.66987367423755
2024-06-29 16:52:55.119669,22.113225303591125,50.435722890827684
2024-06-29 16:53:55.119669,25.13981341628831,41.771131782683746
2024-06-29 16:54:55.119669,25.37775397688506,46.48513191948143
2024-06-29 16:55:55.119669,20.635723247860298,51.01110165152535
2024-06-29 16:56:55.119669,27.07070421958236,42.240603590582666
2024-06-29 16:57:55.119669,26.296904120493544,52.82759428502364
2024-06-29 16:58:55.119669,25.457501634043822,48.339293299229766
2024-06-29 16:59:55.119669,22.126160028567476,43.342049709525625
2024-06-29 17:00:55.119669,25.11944700823979,53.521034059988736
2024-06-29 17:01:55.119669,22.116715315650666,48.05748229937116
2024-06-29 17:02:55.119669,23.75107783111016,51.76502550212231
2024-06-29 17:03:55.119669,26.106056222556568,48.53743154029952
2024-06-29 17:04:55.119669,29.87066715011283,44.97512357430488
2024-06-29 17:05:55.119669,23.765269260520082,47.34021377989643
2024-06-29 17:06:55.119669,22.66425068487857,53.0896561103475
2024-06-29 17:07:55.119669,27.91719460405907,44.005768001243716
2024-06-29 17:08:55.119669,29.865773246172864,45.0738021461179
2024-06-29 17:09:55.119669,25.071314189587703,41.162052105085905
2024-06-29 17:10:55.119669,27.460230280727213,44.08064805848218
2024-06-29 17:11:55.119669,22.241587185835932,45.06574793816213
2024-06-29 17:12:55.119669,25.516404363470805,46.543142854747536
2024-06-29 17:13:55.119669,22.171277647702574,47.76443942287956
2024-06-29 17:14:55.119669,22.142636964078942,41.0368872301155
2024-06-29 17:15:55.119669,22.83354214670981,43.27448809221952
2024-06-29 17:16:55.119669,26.55412517735219,45.50267566776871
2024-06-29 17:17:55.119669,28.378494947380485,53.0542967411767
2024-06-29 17:18:55.119669,27.004566456523335,52.872291629027515
2024-06-29 17:19:55.119669,23.709714090894927,49.70488798545949
2024-06-29 17:20:55.119669,27.110336321859037,41.39575938490866
2024-06-29 17:21:55.119669,28.299524490126387,59.855599489374676
2024-06-29 17:22:55.119669,29.970848325483942,41.774067642540345
2024-06-29 17:23:55.119669,29.70047749406665,45.04494741493524
2024-06-29 17:24:55.119669,21.170627376915412,49.30529149136193
2024-06-29 17:25:55.119669,23.556796620176073,41.58626242959077
2024-06-29 17:26:55.119669,24.96567618937507,50.92240031182588
2024-06-29 17:27:55.119669,23.171284891295954,59.524295901518315
2024-06-29 17:28:55.119669,29.865433951002395,52.5689403693336
2024-06-29 17:29:55.119669,27.13851450609561,56.15056056938985
2024-06-29 17:30:55.119669,28.16458489907447,55.478251408897634
2024-06-29 17:31:55.119669,24.190710004115356,40.44369420294243
2024-06-29 17:32:55.119669,20.977287003667197,54.768410029851765
2024-06-29 17:33:55.119669,29.61611791808427,48.89568680305619
2024-06-29 17:34:55.119669,26.427288914818256,56.81064934970561
2024-06-29 17:35:55.119669,29.323301493701244,40.87522311780684
2024-06-29 17:36:55.119669,21.584103181247084,58.78545549103191
2024-06-29 17:37:55.119669,29.046952676676874,44.043362917993235
2024-06-29 17:38:55.119669,23.077488412705414,46.651182873197556
2024-06-29 17:39:55.119669,21.042722789109675,50.8832351085092
2024-06-29 17:40:55.119669,20.211629885330414,48.63126495896694
2024-06-29 17:41:55.119669,25.42010006112382,47.27414299292361
2024-06-29 17:42:55.119669,28.21568253348763,59.73828307330061
2024-06-29 17:43:55.119669,22.05822723410401,54.48562078857502
2024-06-29 17:44:55.119669,21.297328562300763,43.7772142371543
2024-06-29 17:45:55.119669,23.954314019921696,50.92625309815813
2024-06-29 17:46:55.119669,25.335102441496904,53.68944411461041
2024-06-29 17:47:55.119669,24.80097403825347,44.176838010548344
2024-06-29 17:48:55.119669,20.800063628293863,47.03599177435677
2024-06-29 17:49:55.119669,20.971432363333783,49.52755815356273
2024-06-29 17:50:55.119669,21.087612448646162,50.16143327929859
2024-06-29 17:51:55.119669,24.736644762558495,50.680862157463366
2024-06-29 17:52:55.119669,24.67606392436354,43.30490071799888
2024-06-29 17:53:55.119669,22.173023563292258,49.29665774652001
2024-06-29 17:54:55.119669,29.575370554065252,48.837899369676805
2024-06-29 17:55:55.119669,25.00005150693243,54.914443601343365
2024-06-29 17:56:55.119669,22.790111802540395,43.763586483673414
2024-06-29 17:57:55.119669,29.21259820721447,50.47658241234241
2024-06-29 17:58:55.119669,22.21669813629183,54.142116717426454
2024-06-29 17:59:55.119669,28.572218021104987,53.52508915122504
2024-06-29 18:00:55.119669,20.013104735397643,49.29723058342762
2024-06-29 18:01:55.119669,21.46004155127421,44.02860956825716
2024-06-29 18:02:55.119669,22.785752967278576,43.49452377017488
2024-06-29 18:03:55.119669,20.968398823580245,52.8331284735727
2024-06-29 18:04:55.119669,24.21489453564329,58.745520697607404
2024-06-29 18:05:55.119669,28.595274602660396,50.86035368426868
2024-06-29 18:06:55.119669,24.44092219019289,49.8227405912173
2024-06-29 18:07:55.119669,29.077257391386294,52.67189369180154
2024-06-29 18:08:55.119669,23.747123352299738,45.02761521016215
2024-06-29 18:09:55.119669,20.65140859979038,52.719411271263986
2024-06-29 18:10:55.119669,22.020517585316632,42.38733585965114
2024-06-29 18:11:55.119669,21.61792560761085,45.24431478714281
2024-06-29 18:12:55.119669,29.279603438503255,54.2575592731779
2024-06-29 18:13:55.119669,29.466979302835195,59.24881788203935
2024-06-29 18:14:55.119669,27.3498544459565,51.028674375126414
2024-06-29 18:15:55.119669,25.540483460724563,56.48603915680548
2024-06-29 18:16:55.119669,24.790831895804114,54.41748772420521
2024-06-29 18:17:55.119669,26.469114373930893,49.755003586425545
2024-06-29 18:18:55.119669,23.72395320191536,51.78633878852468
2024-06-29 18:19:55.119669,24.946363797897288,41.15169114599509
2024-06-29 18:20:55.119669,27.467320943999383,53.76309549656129
2024-06-29 18:21:55.119669,25.952562963979986,42.25017464972821
2024-06-29 18:22:55.119669,29.072317645870477,47.549689723854826
2024-06-29 18:23:55.119669,27.064283911595165,52.3507024223132
2024-06-29 18:24:55.119669,26.35156482803264,40.630402242266044
2024-06-29 18:25:55.119669,25.23092369813663,40.68796608987328
2024-06-29 18:26:55.119669,24.543965998746117,56.97814417381596
2024-06-29 18:27:55.119669,20.193946515029683,46.883182335340436
2024-06-29 18:28:55.119669,22.361862019906578,51.89823873691441
2024-06-29 18:29:55.119669,21.406771475294452,54.69774787782268
2024-06-29 18:30:55.119669,26.60156935225318,48.29752657619352
2024-06-29 18:31:55.119669,21.19943475407895,59.0135182760816
2024-06-29 18:32:55.119669,28.95378620126472,44.37929134316381
2024-06-29 18:33:55.119669,24.869032848714134,48.4565771341134
2024-06-29 18:34:55.119669,21.560248814814383,46.87170111057847
2024-06-29 18:35:55.119669,25.320600051031864,58.47316525076519
2024-06-29 18:36:55.119669,23.02245971412481,44.70292622917693
2024-06-29 18:37:55.119669,20.327545515397368,43.44111488659162
2024-06-29 18:38:55.119669,22.71686966898222,53.167522421697036
2024-06-29 18:39:55.119669,29.52078677409189,46.17961930739543
2024-06-29 18:40:55.119669,24.94300690079612,49.19070429131409
2024-06-29 18:41:55.119669,25.126309786657053,56.456118830515166
2024-06-29 18:42:55.119669,23.876615329306723,42.364284909777226
2024-06-29 18:43:55.119669,29.54963616340114,55.52194590947888
2024-06-29 18:44:55.119669,29.195741646522684,46.75839111192673
2024-06-29 18:45:55.119669,27.77121954910993,43.20108905724816
2024-06-29 18:46:55.119669,26.30595417727948,45.12909884076011
2024-06-29 18:47:55.119669,23.866238647832425,51.937769792666174
2024-06-29 18:48:55.119669,21.184365851351245,50.12955330666513
2024-06-29 18:49:55.119669,21.502085714046263,58.851740347802405
2024-06-29 18:50:55.119669,29.659383293325256,48.68881165212311
2024-06-29 18:51:55.119669,26.868054560442754,55.50362008773172
2024-06-29 18:52:55.119669,25.88605065490567,41.68636330760856
2024-06-29 18:53:55.119669,22.652589683276005,55.39150273765227
2024-06-29 18:54:55.119669,22.059217382976904,42.89161539279222
2024-06-29 18:55:55.119669,27.670862825202008,54.64588537786774
2024-06-29 18:56:55.119669,20.78253419527855,53.9528343126583
2024-06-29 18:57:55.119669,21.073495582477985,56.30248654582981
2024-06-29 18:58:55.119669,29.040209578595363,57.440961777696
2024-06-29 18:59:55.119669,21.953732755546422,46.867134638433754
2024-06-29 19:00:55.119669,25.158941361807692,44.29630711714578
2024-06-29 19:01:55.119669,26.6340768193786,41.7309294551569
2024-06-29 19:02:55.119669,27.40178287729938,54.12276401136502
2024-06-29 19:03:55.119669,26.82458948842579,51.34398348863193
2024-06-29 19:04:55.119669,21.607974656360177,49.0709499735862
2024-06-29 19:05:55.119669,25.632742779733555,51.508590084252575
2024-06-29 19:06:55.119669,20.5453934227304,40.36312255990516
2024-06-29 19:07:55.119669,20.686945783934906,51.53368249661578
2024-06-29 19:08:55.119669,25.942617382230036,47.117994298830865
2024-06-29 19:09:55.119669,29.522224647533704,53.02581262965816
2024-06-29 19:10:55.119669,20.120203670337983,42.185382776744696
2024-06-29 19:11:55.119669,28.795490358669205,49.06868026534361
2024-06-29 19:12:55.119669,26.71186818197186,43.3640726741523
2024-06-29 19:13:55.119669,29.50396602179773,54.32457021048779
2024-06-29 19:14:55.119669,20.899732530048144,56.282159776826546
2024-06-29 19:15:55.119669,26.833074495790747,55.82321371575851
2024-06-29 19:16:55.119669,21.86114724123854,43.69474637809674
2024-06-29 19:17:55.119669,28.648681937457603,40.797675243564925
2024-06-29 19:18:55.119669,23.27594725849303,51.631113241467276
2024-06-29 19:19:55.119669,28.5639855048751,51.446776693050886
2024-06-29 19:20:55.119669,21.053065072698278,55.336291408132006
2024-06-29 19:21:55.119669,23.29790300203856,45.91992745364909
2024-06-29 19:22:55.119669,25.094822630132235,41.86701794146102
2024-06-29 19:23:55.119669,28.200013789594433,47.491301487781385
2024-06-29 19:24:55.119669,21.01824741492801,42.20261450752994
2024-06-29 19:25:55.119669,22.37665578594456,46.15301090240909
2024-06-29 19:26:55.119669,25.123207410204284,43.041158415883885
2024-06-29 19:27:55.119669,21.43480601392616,54.17556248049298
2024-06-29 19:28:55.119669,22.09057991552998,51.919680706010304
2024-06-29 19:29:55.119669,27.370913805743584,41.284113792989274
2024-06-29 19:30:55.119669,28.73161151102442,53.969877734460084
2024-06-29 19:31:55.119669,22.857168489611844,40.591925633936036
2024-06-29 19:32:55.119669,23.314343927786844,58.931367132914886
2024-06-29 19:33:55.119669,29.614205144577355,57.87016492342147
2024-06-29 19:34:55.119669,20.10178564317339,41.160115237568725
2024-06-29 19:35:55.119669,27.118681595551546,43.58215081424086
2024-06-29 19:36:55.119669,27.087322780850734,55.19678135313494
2024-06-29 19:37:55.119669,27.883942083857423,57.52947520646925
2024-06-29 19:38:55.119669,29.34882041110889,42.751523007850594
2024-06-29 19:39:55.119669,23.46965600717741,59.736825290969385
2024-06-29 19:40:55.119669,22.671974748315247,59.904779234181376
2024-06-29 19:41:55.119669,29.62302394728128,44.77672397975491
2024-06-29 19:42:55.119669,22.942209462074047,42.63125216170143
2024-06-29 19:43:55.119669,27.646246818511216,48.559040502351
2024-06-29 19:44:55.119669,25.333225581545154,50.4216291840612
2024-06-29 19:45:55.119669,23.219483628118258,52.637910296997326
2024-06-29 19:46:55.119669,25.434705904908647,57.577869995682775
2024-06-29 19:47:55.119669,24.1389907650779,49.30382147353107
2024-06-29 19:48:55.119669,20.457536885954827,50.09151795014307
2024-06-29 19:49:55.119669,23.720107997877438,56.45335263311957
2024-06-29 19:50:55.119669,20.707267059849038,56.033662828212044
2024-06-29 19:51:55.119669,25.57655067827277,46.146026979266644
2024-06-29 19:52:55.119669,26.690210320746772,40.88450766948389
2024-06-29 19:53:55.119669,25.092991439195956,56.0799725680845
2024-06-29 19:54:55.119669,28.848364279781045,56.5911775248357
2024-06-29 19:55:55.119669,23.19053635883681,51.504529735599206
2024-06-29 19:56:55.119669,24.356139174138104,47.52712289841487
2024-06-29 19:57:55.119669,27.140688774781943,59.18076527831427
2024-06-29 19:58:55.119669,21.166536135977594,49.70909509030484
2024-06-29 19:59:55.119669,20.502863091428665,41.74002790345676
2024-06-29 20:00:55.119669,20.6114243231211,49.658238981708394
2024-06-29 20:01:55.119669,25.445202816483345,53.55104046572412
2024-06-29 20:02:55.119669,29.943544939654593,55.75971575467129
2024-06-29 20:03:55.119669,27.00806404103048,46.06469828125889
2024-06-29 20:04:55.119669,25.35655478697425,52.180317655797715
2024-06-29 20:05:55.119669,27.817480529404747,45.507476697270135
2024-06-29 20:06:55.119669,27.84718031014564,51.61441007288026
2024-06-29 20:07:55.119669,28.96185432669563,40.776495472221065
2024-06-29 20:08:55.119669,21.561000518203944,54.860496041411295
2024-06-29 20:09:55.119669,29.10207830800894,42.96043321396587
2024-06-29 20:10:55.119669,25.25218637777445,40.00323461755095
2024-06-29 20:11:55.119669,21.158226086400212,52.09955427377734
2024-06-29 20:12:55.119669,27.507050420943663,54.13625405454735
2024-06-29 20:13:55.119669,21.880058106086917,44.47567875903543
2024-06-29 20:14:55.119669,23.698001045622526,55.54490196017941
2024-06-29 20:15:55.119669,24.757623613379273,40.328888337178775
2024-06-29 20:16:55.119669,25.163651845742386,55.901367624813005
2024-06-29 20:17:55.119669,23.875308051400573,50.945014410237775
2024-06-29 20:18:55.119669,25.63754653368427,43.87739179572167
2024-06-29 20:19:55.119669,24.963354846798225,51.62470005551887
2024-06-29 20:20:55.119669,29.14365550399464,58.55901946790276
2024-06-29 20:21:55.119669,22.900465170367514,49.55480159273819
2024-06-29 20:22:55.119669,29.977589541595854,40.14965970979777
2024-06-29 20:23:55.119669,24.97066175492711,58.737008056543644
2024-06-29 20:24:55.119669,23.15164150823998,49.476202265869475
2024-06-29 20:25:55.119669,22.127701323935135,43.641414798017
2024-06-29 20:26:55.119669,24.846385070747587,47.39325223687693
2024-06-29 20:27:55.119669,25.590090411275185,48.26162765026776
2024-06-29 20:28:55.119669,29.751125237004683,55.32120930500713
2024-06-29 20:29:55.119669,24.641831202289772,43.98868279317545
2024-06-29 20:30:55.119669,27.20295222649073,51.483848342481785
2024-06-29 20:31:55.119669,22.738083821365933,59.43521965821213
2024-06-29 20:32:55.119669,27.279155688007602,47.05457328418076
2024-06-29 20:33:55.119669,20.561441034174813,52.175625457518045
2024-06-29 20:34:55.119669,20.365343274767106,59.74528935674835
2024-06-29 20:35:55.119669,24.462443836276265,56.849901017615984
2024-06-29 20:36:55.119669,26.664473319621536,59.463956290695464
2024-06-29 20:37:55.119669,24.81370056424386,55.94165173156628
2024-06-29 20:38:55.119669,24.11255026411576,58.34259476194657
2024-06-29 20:39:55.119669,24.06463287784701,53.70372500311839
2024-06-29 20:40:55.119669,24.861010675243094,58.03188049367226
2024-06-29 20:41:55.119669,29.373706523956777,46.272478552803776
2024-06-29 20:42:55.119669,20.53115840960696,49.73501418459013
2024-06-29 20:43:55.119669,27.123766809502627,57.341039009251844
2024-06-29 20:44:55.119669,21.783606916185928,48.924313889835496
2024-06-29 20:45:55.119669,29.825763010885325,41.62272653106021
2024-06-29 20:46:55.119669,25.43199625295813,51.569075700453396
2024-06-29 20:47:55.119669,29.115655382319545,42.67975463109231
2024-06-29 20:48:55.119669,22.21841910789752,54.45860743758031
2024-06-29 20:49:55.119669,26.24275317604815,58.24603565095998
2024-06-29 20:50:55.119669,24.325022238003896,50.35888069181496
2024-06-29 20:51:55.119669,22.995814397364565,46.45718537752613
2024-06-29 20:52:55.119669,24.830157730557215,59.89499355044712
2024-06-29 20:53:55.119669,23.114052181402823,47.11599522095239
2024-06-29 20:54:55.119669,23.302830198515217,45.05792306848926
2024-06-29 20:55:55.119669,21.632746591998753,49.96286216870129
2024-06-29 20:56:55.119669,21.06024545098915,48.32963276881363
2024-06-29 20:57:55.119669,20.761955624646287,40.979012605296305
2024-06-29 20:58:55.119669,24.133020757265456,51.22502353815648
2024-06-29 20:59:55.119669,22.647306056297012,57.71403602588036
2024-06-29 21:00:55.119669,26.862817596165314,55.833378856178086
2024-06-29 21:01:55.119669,22.97183311330261,53.38904983071007
2024-06-29 21:02:55.119669,20.56127238416555,43.19178108684646
2024-06-29 21:03:55.119669,21.375901630505204,46.310541503532214
2024-06-29 21:04:55.119669,28.579003538114147,47.25961475211308
2024-06-29 21:05:55.119669,26.857912268675765,41.89137211550797
2024-06-29 21:06:55.119669,26.767376338172298,44.432851774979866
2024-06-29 21:07:55.119669,25.04287393553539,44.8393204976765
2024-06-29 21:08:55.119669,26.059791426593566,41.482797770547414
2024-06-29 21:09:55.119669,25.021317432869196,41.966408623640596
2024-06-29 21:10:55.119669,26.367822019212696,47.98880403807313
2024-06-29 21:11:55.119669,27.18592912851323,40.66404506417176
2024-06-29 21:12:55.119669,20.23155439319193,46.495845774579465
2024-06-29 21:13:55.119669,20.075466735938797,52.042815256291355
2024-06-29 21:14:55.119669,26.098579432458656,51.16595136574705
2024-06-29 21:15:55.119669,23.84412378155776,42.87470873721728
2024-06-29 21:16:55.119669,22.463036120227443,56.106540783160206
2024-06-29 21:17:55.119669,26.837455752021107,43.317196348514145
2024-06-29 21:18:55.119669,22.61206576455096,56.73179559686015
2024-06-29 21:19:55.119669,20.994562194307115,58.71764049610911
2024-06-29 21:20:55.119669,29.770718943121235,55.0680010549474
2024-06-29 21:21:55.119669,24.495077735895023,46.709319249667026
2024-06-29 21:22:55.119669,24.62531857007754,58.73971590605315
2024-06-29 21:23:55.119669,25.426625338196008,51.49375419548187
2024-06-29 21:24:55.119669,24.611978696121177,51.67432397230634
2024-06-29 21:25:55.119669,24.537471398437713,53.18464374171682
2024-06-29 21:26:55.119669,25.53705711162542,53.15290290755321
2024-06-29 21:27:55.119669,29.555708752211235,53.26531952863298
2024-06-29 21:28:55.119669,23.383788802092226,51.09405313405219
2024-06-29 21:29:55.119669,29.45190781973937,49.39356684167035
2024-06-29 21:30:55.119669,25.857364948454034,48.986891889264776
2024-06-29 21:31:55.119669,27.012838698950848,54.671688277345076
2024-06-29 21:32:55.119669,21.587964493840985,50.02841076808609
2024-06-29 21:33:55.119669,20.754938747759887,50.434428352997244
2024-06-29 21:34:55.119669,28.537511320042512,49.3526916889693
2024-06-29 21:35:55.119669,20.90267866138823,51.74292774576265
2024-06-29 21:36:55.119669,29.346072232110124,58.066586034660745
2024-06-29 21:37:55.119669,26.961296226726805,58.12958131738634
2024-06-29 21:38:55.119669,25.23682150572863,49.20059330183894
2024-06-29 21:39:55.119669,22.446192506748808,48.64607701701918
2024-06-29 21:40:55.119669,28.921187966714434,40.34909525524358
2024-06-29 21:41:55.119669,22.639692329357903,55.97584085360566
2024-06-29 21:42:55.119669,26.53466345660183,47.487166833639684
2024-06-29 21:43:55.119669,24.695231426742954,58.34496998932068
2024-06-29 21:44:55.119669,26.635428978332598,46.73124396332106
2024-06-29 21:45:55.119669,21.976500004674662,59.492805956996705
2024-06-29 21:46:55.119669,21.98040550079181,55.67614706899043
2024-06-29 21:47:55.119669,23.180928417881045,51.399383213443016
2024-06-29 21:48:55.119669,28.648675612315024,53.21793207427152
2024-06-29 21:49:55.119669,23.146198231718085,52.92610693169787
2024-06-29 21:50:55.119669,29.060007296799636,44.90850135096177
2024-06-29 21:51:55.119669,20.038402747404174,43.87454310943085
2024-06-29 21:52:55.119669,20.682182657419677,40.385373615145554
2024-06-29 21:53:55.119669,20.24612217255749,43.2894152272265
2024-06-29 21:54:55.119669,20.653634180403156,52.87691442111502
2024-06-29 21:55:55.119669,27.10563668753448,54.0201856034653
2024-06-29 21:56:55.119669,28.89286944034818,44.93998008100846
2024-06-29 21:57:55.119669,28.35935163347633,46.28482496743519
2024-06-29 21:58:55.119669,25.49685687940191,41.49344399950328
2024-06-29 21:59:55.119669,28.08071572882042,40.05913622614576
2024-06-29 22:00:55.119669,24.25437650776966,54.49765151960243
2024-06-29 22:01:55.119669,26.68482625137846,47.14356905668001
2024-06-29 22:02:55.119669,20.74829757732884,58.68767608550765
2024-06-29 22:03:55.119669,25.45977795625096,51.08975909749837
2024-06-29 22:04:55.119669,26.038110777544,45.125902448731885
2024-06-29 22:05:55.119669,22.111368752917873,43.10835669263306
2024-06-29 22:06:55.119669,22.314888683192006,46.30163135743765
2024-06-29 22:07:55.119669,26.77932903390868,40.551712177522674
2024-06-29 22:08:55.119669,25.538407980884156,53.23055792997936
2024-06-29 22:09:55.119669,21.266285892408803,49.786879816795825
2024-06-29 22:10:55.119669,26.919112950544754,43.47172262000177
2024-06-29 22:11:55.119669,27.994545752526058,50.14488741504651
2024-06-29 22:12:55.119669,20.756314151253132,52.97917481748395
2024-06-29 22:13:55.119669,26.030417823876668,40.93793200323228
2024-06-29 22:14:55.119669,28.517916237172912,40.19418409862774
2024-06-29 22:15:55.119669,21.9345693173178,43.18277150140895
2024-06-29 22:16:55.119669,23.493573105357555,41.792059476838006
2024-06-29 22:17:55.119669,25.58009363130706,47.5703495498123
2024-06-29 22:18:55.119669,22.007118931410595,57.720946772201785
2024-06-29 22:19:55.119669,26.43007000303524,59.020519690933135
2024-06-29 22:20:55.119669,21.390770126165776,47.48827044448734
2024-06-29 22:21:55.119669,26.45136933580139,57.489589279813956
2024-06-29 22:22:55.119669,20.10450714875561,42.619519462777525
2024-06-29 22:23:55.119669,28.007045472873987,52.1411451511759
2024-06-29 22:24:55.119669,21.340453407329917,50.394467197811636
2024-06-29 22:25:55.119669,23.375288697212905,40.40626291425029
2024-06-29 22:26:55.119669,21.811536375023163,46.23926156564714
2024-06-29 22:27:55.119669,26.20181053301328,46.25703121853627
2024-06-29 22:28:55.119669,25.429397318572256,46.82138499383926
2024-06-29 22:29:55.119669,29.01302714553733,57.092467923874985
2024-06-29 22:30:55.119669,26.452484296275916,56.26246207932047
2024-06-29 22:31:55.119669,24.59511551196819,53.75395378336507
2024-06-29 22:32:55.119669,20.97660259331238,53.86616448414296
2024-06-29 22:33:55.119669,27.255702707448286,47.51769756588908
2024-06-29 22:34:55.119669,21.689407146792014,51.068988215128016
2024-06-29 22:35:55.119669,28.69949646625937,42.322707805873996
2024-06-29 22:36:55.119669,24.191373794846253,46.35696822609988
2024-06-29 22:37:55.119669,28.82343237804625,59.319675786330194
2024-06-29 22:38:55.119669,22.441753301112993,57.451895929560706
2024-06-29 22:39:55.119669,25.33763001019038,55.77994808519276
2024-06-29 22:40:55.119669,20.197258210914036,51.94538760103744
2024-06-29 22:41:55.119669,23.725145904783336,51.434576191693864
2024-06-29 22:42:55.119669,23.01045986257007,41.08809016699365
2024-06-29 22:43:55.119669,21.288994902904406,52.5302722934745
2024-06-29 22:44:55.119669,28.538539756710833,52.94563220416423
2024-06-29 22:45:55.119669,23.600346177102857,44.2704898637591
2024-06-29 22:46:55.119669,26.05627974868007,43.08474512359385
2024-06-29 22:47:55.119669,27.385863816983427,49.887467206164416
2024-06-29 22:48:55.119669,22.868898469265552,54.529845676724264
2024-06-29 22:49:55.119669,28.075853384423873,53.855495553084054
2024-06-29 22:50:55.119669,23.02615506465873,58.59088227707395
2024-06-29 22:51:55.119669,23.952984905133718,57.56681179865237
2024-06-29 22:52:55.119669,29.326026887939847,52.26419154371808
2024-06-29 22:53:55.119669,27.37470871860878,54.519932348035724
2024-06-29 22:54:55.119669,28.21313354102145,54.351619381409726
2024-06-29 22:55:55.119669,22.244237209406098,52.958672310805525
2024-06-29 22:56:55.119669,21.546023032852723,55.590224684830936
2024-06-29 22:57:55.119669,28.060041787005414,42.19532548287091
2024-06-29 22:58:55.119669,23.46529144273663,51.560807459381216
2024-06-29 22:59:55.119669,29.00221902217995,45.77898181854797
2024-06-29 23:00:55.119669,21.69272027698982,53.25582692913293
2024-06-29 23:01:55.119669,27.62140809846285,48.972820508445764
2024-06-29 23:02:55.119669,29.23429275942746,45.59520476592644
2024-06-29 23:03:55.119669,26.1981547134582,40.456932986089505
2024-06-29 23:04:55.119669,29.151781596480483,47.54184654747925
2024-06-29 23:05:55.119669,24.157714796051035,48.26172580952088
2024-06-29 23:06:55.119669,21.197715519912776,42.87494081672411
2024-06-29 23:07:55.119669,27.425247237085653,46.18951302122785
2024-06-29 23:08:55.119669,20.255178554253995,53.634586047242244
2024-06-29 23:09:55.119669,20.79658100646199,50.27587393199833
2024-06-29 23:10:55.119669,27.82978883617501,42.56688378803426
2024-06-29 23:11:55.119669,28.4435181424382,50.52412361741452
2024-06-29 23:12:55.119669,29.253603384369903,40.71672911610756
2024-06-29 23:13:55.119669,28.812724384532007,43.78676726438168
2024-06-29 23:14:55.119669,24.46487745947536,56.59035270412274
2024-06-29 23:15:55.119669,22.089567019321535,59.100023735713904
2024-06-29 23:16:55.119669,24.495456035647567,57.574040150226125
2024-06-29 23:17:55.119669,24.14609388391989,43.463211271377666
2024-06-29 23:18:55.119669,24.123400025571144,57.86081132025619
2024-06-29 23:19:55.119669,29.045355002259534,42.99943690089847
2024-06-29 23:20:55.119669,20.284770661605517,40.3906748549275
2024-06-29 23:21:55.119669,22.260264333258483,49.291471857585755
2024-06-29 23:22:55.119669,20.633386551716725,47.85483749257011
2024-06-29 23:23:55.119669,26.853230558954024,43.62251435809639
2024-06-29 23:24:55.119669,28.342445199149825,44.942328577091324
2024-06-29 23:25:55.119669,29.546180525273904,56.27945019357668
2024-06-29 23:26:55.119669,24.20074627197183,51.47293059451129
2024-06-29 23:27:55.119669,21.200247648885295,51.94905788466341
2024-06-29 23:28:55.119669,21.37872922482462,45.059417558404334
2024-06-29 23:29:55.119669,27.590520558071535,58.04653911275763
2024-06-29 23:30:55.119669,23.474535886651445,54.08266913792289
2024-06-29 23:31:55.119669,29.899435418979635,51.9194534791399
2024-06-29 23:32:55.119669,26.518294218397664,40.829385495067335
2024-06-29 23:33:55.119669,25.60723588943511,40.624881832095255
2024-06-29 23:34:55.119669,24.212811144583355,42.65777112821935
2024-06-29 23:35:55.119669,21.446591622527897,45.28001307659753
2024-06-29 23:36:55.119669,25.70834590176233,49.01433652217637
2024-06-29 23:37:55.119669,28.239304880884735,43.99933480377429
2024-06-29 23:38:55.119669,26.34889964117032,57.30814162397227
2024-06-29 23:39:55.119669,26.24717559021613,40.128220357259266
2024-06-29 23:40:55.119669,26.356890170070116,54.96266089845692
2024-06-29 23:41:55.119669,24.4616179084964,48.00149048844044
2024-06-29 23:42:55.119669,26.463215920794,41.660769853342856
2024-06-29 23:43:55.119669,27.942595375791292,58.294472151366264
2024-06-29 23:44:55.119669,25.366861766625448,54.05446337404161
2024-06-29 23:45:55.119669,26.37357137225657,56.67050776258975
2024-06-29 23:46:55.119669,27.488854901986294,47.086332277914494
2024-06-29 23:47:55.119669,28.796862732832412,51.6005424995672
2024-06-29 23:48:55.119669,22.007867590306482,48.69112194194655
2024-06-29 23:49:55.119669,26.490057584623088,42.58915526742475
2024-06-29 23:50:55.119669,28.55032125774639,58.33697508937456
2024-06-29 23:51:55.119669,23.860513385288822,51.09624116627997
2024-06-29 23:52:55.119669,20.894731762572263,40.51974550216341
2024-06-29 23:53:55.119669,23.88307502495922,45.44367083785377
2024-06-29 23:54:55.119669,24.08955872562749,42.47752928883928
2024-06-29 23:55:55.119669,21.43100848897448,56.82332558094114
2024-06-29 23:56:55.119669,27.864836450300217,53.825737678040156
2024-06-29 23:57:55.119669,24.845026146929662,43.98294461987481
2024-06-29 23:58:55.119669,24.76131760096023,55.745040339772885
2024-06-29 23:59:55.119669,27.765752704484008,45.4000529081231
2024-06-30 00:00:55.119669,29.787808542192977,46.236266250676664
2024-06-30 00:01:55.119669,20.681614249147504,43.98659139392409
2024-06-30 00:02:55.119669,27.24322937996862,51.87980901101564
2024-06-30 00:03:55.119669,29.321444229038388,51.41783881145801
2024-06-30 00:04:55.119669,22.72648955483094,47.20801235532703
2024-06-30 00:05:55.119669,29.597577464030852,55.78091855545367
2024-06-30 00:06:55.119669,29.103734177604963,57.616521797874086
2024-06-30 00:07:55.119669,29.999691418954463,55.58123672299001
2024-06-30 00:08:55.119669,25.944905620119577,41.96861234236359
2024-06-30 00:09:55.119669,21.93080507683456,53.9691836634001
2024-06-30 00:10:55.119669,29.938459052479477,50.507075449138426
2024-06-30 00:11:55.119669,20.614509713109157,42.56855784664571
2024-06-30 00:12:55.119669,24.340760053816926,56.78981342426545
2024-06-30 00:13:55.119669,29.63722843623516,52.27284785285379
2024-06-30 00:14:55.119669,29.341957193708836,59.9041085566524
2024-06-30 00:15:55.119669,27.580303077022783,45.873635898982286
2024-06-30 00:16:55.119669,29.81981467284957,54.577441065352744
2024-06-30 00:17:55.119669,24.172154853053684,58.77524752897283
2024-06-30 00:18:55.119669,22.27436857753467,45.77725790223908
2024-06-30 00:19:55.119669,29.240065928292843,45.33138854256162
2024-06-30 00:20:55.119669,24.48781034143586,50.06908062161621
2024-06-30 00:21:55.119669,28.55900087422897,58.86129022207747
2024-06-30 00:22:55.119669,21.301919961709732,54.63739137069876
2024-06-30 00:23:55.119669,20.554454523976982,58.480419129944394
2024-06-30 00:24:55.119669,29.93370344282258,55.51442813347598
2024-06-30 00:25:55.119669,28.725674843273328,55.63679745395581
2024-06-30 00:26:55.119669,28.14436608894195,50.41744912241499
2024-06-30 00:27:55.119669,25.125534000410397,54.5823911828386
2024-06-30 00:28:55.119669,27.673209280978185,40.810140048230224
2024-06-30 00:29:55.119669,22.520969421258773,44.80554691786819
2024-06-30 00:30:55.119669,23.801680208416307,44.428832421855525
2024-06-30 00:31:55.119669,22.31779534875121,56.65974288286915
2024-06-30 00:32:55.119669,22.340744530237203,56.22409913441592
2024-06-30 00:33:55.119669,27.28830552516642,53.010384623982674
2024-06-30 00:34:55.119669,20.760916051684283,52.00791669175256
2024-06-30 00:35:55.119669,21.936933602126803,56.952110851918555
2024-06-30 00:36:55.119669,26.177390705167234,40.512613099493144
2024-06-30 00:37:55.119669,28.15501651555069,48.31880297896752
2024-06-30 00:38:55.119669,21.47141867581217,40.589446574095646
2024-06-30 00:39:55.119669,22.345890568482478,51.49439918465955
2024-06-30 00:40:55.119669,28.702121427178078,40.07358025537706
2024-06-30 00:41:55.119669,22.890953048938265,43.037440470174225
2024-06-30 00:42:55.119669,28.14386647101032,40.60711660730252
2024-06-30 00:43:55.119669,21.258163097694776,44.82094191045496
2024-06-30 00:44:55.119669,23.095845396136696,56.71029711268861
2024-06-30 00:45:55.119669,20.285018861492567,41.04330760934521
2024-06-30 00:46:55.119669,20.71346076499982,47.29102627588338
2024-06-30 00:47:55.119669,26.93196254591851,40.83242247888401
2024-06-30 00:48:55.119669,26.70456243238445,43.505033172162065
2024-06-30 00:49:55.119669,28.888786673971786,56.06215993774702
2024-06-30 00:50:55.119669,24.671055749107953,47.379537402651465
2024-06-30 00:51:55.119669,22.615212639850824,54.29986466668494
2024-06-30 00:52:55.119669,26.974183211511928,50.489556328279576
2024-06-30 00:53:55.119669,25.74626011975382,50.08257655373043
2024-06-30 00:54:55.119669,21.83860943527764,47.76337376730628
2024-06-30 00:55:55.119669,22.071111433909582,54.28648895278586
2024-06-30 00:56:55.119669,22.102504657754576,57.91881930728647
2024-06-30 00:57:55.119669,24.6956112989806,47.08307927843003
2024-06-30 00:58:55.119669,27.242910385745624,43.681298846282516
2024-06-30 00:59:55.119669,25.603113307144923,49.14990911458271
2024-06-30 01:00:55.119669,20.990828307710075,44.11505606312638
2024-06-30 01:01:55.119669,27.16367863133456,50.5089325392454
2024-06-30 01:02:55.119669,28.75329544276908,46.17705455574207
2024-06-30 01:03:55.119669,20.93471996883329,46.421620087727064
2024-06-30 01:04:55.119669,23.388050339183533,54.639029605398164
2024-06-30 01:05:55.119669,21.012417678753874,50.033597466755175
2024-06-30 01:06:55.119669,20.902517399384966,59.40553377977419
2024-06-30 01:07:55.119669,21.31762440395291,53.21295350057679
2024-06-30 01:08:55.119669,27.977324154945478,44.94056343217256
2024-06-30 01:09:55.119669,22.73470088792636,51.56221625762909
2024-06-30 01:10:55.119669,28.86923925111613,40.686564874254394
2024-06-30 01:11:55.119669,26.53556911672606,42.48504970873419
2024-06-30 01:12:55.119669,23.882816793976357,58.621003097387025
2024-06-30 01:13:55.119669,21.311046703154172,40.83374729154904
2024-06-30 01:14:55.119669,22.421637547908468,53.806055767228216
2024-06-30 01:15:55.119669,28.218438331533036,52.653639182218924
2024-06-30 01:16:55.119669,22.79956649574143,48.71653295806078
2024-06-30 01:17:55.119669,28.829651556847708,55.164888902651896
2024-06-30 01:18:55.119669,24.388859750270843,56.98375663775491
2024-06-30 01:19:55.119669,26.900408266775855,52.352107295535646
2024-06-30 01:20:55.119669,27.095684355472784,56.579995402513276
2024-06-30 01:21:55.119669,28.890540247415363,56.45010576337897
2024-06-30 01:22:55.119669,22.478655450926826,53.07344870483392
2024-06-30 01:23:55.119669,27.669567581864566,59.90044971536628
2024-06-30 01:24:55.119669,24.230131754780256,55.797644042650155
2024-06-30 01:25:55.119669,27.339250485188487,52.66275199132077
2024-06-30 01:26:55.119669,22.49008936568516,42.61187798071377
2024-06-30 01:27:55.119669,22.389395352677965,45.67380619542046
2024-06-30 01:28:55.119669,27.53169514078182,56.78567554829753
2024-06-30 01:29:55.119669,25.061074558960282,57.49883366125683
2024-06-30 01:30:55.119669,26.78368474949074,47.31699341616116
2024-06-30 01:31:55.119669,24.982672920734252,52.26711271280848
2024-06-30 01:32:55.119669,26.22047461373101,56.88802305955596
2024-06-30 01:33:55.119669,24.093651003111194,50.54169163258952
2024-06-30 01:34:55.119669,28.51751698164563,53.33937388772789
2024-06-30 01:35:55.119669,28.879988524001575,47.36618859155194
2024-06-30 01:36:55.119669,23.697998206167654,49.177854841657094
2024-06-30 01:37:55.119669,29.556243726255303,43.54100211034725
2024-06-30 01:38:55.119669,27.410619084965617,58.41716134272505
2024-06-30 01:39:55.119669,20.548878625456894,53.89613890118733
2024-06-30 01:40:55.119669,25.413653803187216,48.83136546099739
2024-06-30 01:41:55.119669,20.355344040046916,40.29815822022702
2024-06-30 01:42:55.119669,26.37324733958613,41.54489881944585
2024-06-30 01:43:55.119669,20.18819907182311,44.11382288170903
2024-06-30 01:44:55.119669,24.60197096402976,46.600881752676294
2024-06-30 01:45:55.119669,22.16782630238954,52.826036839704415
2024-06-30 01:46:55.119669,29.367161502863247,46.12719622569472
2024-06-30 01:47:55.119669,24.03998491236216,43.74300280763822
2024-06-30 01:48:55.119669,24.002957233046523,57.54720196453837
2024-06-30 01:49:55.119669,21.75531391209597,50.35774205292534
2024-06-30 01:50:55.119669,21.170162453134147,53.53325731491104
2024-06-30 01:51:55.119669,20.782375231679367,59.12597608073172
2024-06-30 01:52:55.119669,25.96545534487987,43.4396749596666
2024-06-30 01:53:55.119669,22.842723174294488,51.51650133278725
2024-06-30 01:54:55.119669,26.326771367238987,44.93974851601956
2024-06-30 01:55:55.119669,24.090320960819938,58.82278119117855
2024-06-30 01:56:55.119669,23.820324732636873,40.06117682864192
2024-06-30 01:57:55.119669,23.87383591626884,47.561050328230046
2024-06-30 01:58:55.119669,27.296204421995967,55.26617800509087
2024-06-30 01:59:55.119669,29.298236835977367,46.41949380840056
2024-06-30 02:00:55.119669,24.648447012252817,41.5347125482411
2024-06-30 02:01:55.119669,22.78863710542128,57.003128592591054
2024-06-30 02:02:55.119669,27.63281110138479,58.17111658081713
2024-06-30 02:03:55.119669,25.71797707401331,50.905533836019956
2024-06-30 02:04:55.119669,23.808952015086724,54.57782918949016
2024-06-30 02:05:55.119669,26.166416555302195,44.5106124804667
2024-06-30 02:06:55.119669,27.899151189000182,45.38327483237185
2024-06-30 02:07:55.119669,25.968043539461036,48.460183095013704
2024-06-30 02:08:55.119669,28.183885317411043,57.882682861409464
2024-06-30 02:09:55.119669,28.647464354373547,58.09994304033286
2024-06-30 02:10:55.119669,23.29214126423095,46.93745510693307
2024-06-30 02:11:55.119669,24.665351308292205,45.83176871024715
2024-06-30 02:12:55.119669,24.812969477298953,59.99295642968046
2024-06-30 02:13:55.119669,28.81406668820155,48.315844401213084
2024-06-30 02:14:55.119669,28.556582412168304,57.90025578234592
2024-06-30 02:15:55.119669,24.946077483098378,46.17303773717428
2024-06-30 02:16:55.119669,23.552922889614944,58.128519805827
2024-06-30 02:17:55.119669,26.27864906390113,44.507780254687574
2024-06-30 02:18:55.119669,20.473053657513944,49.97379177797927
2024-06-30 02:19:55.119669,20.316814507035634,43.54974534555352
2024-06-30 02:20:55.119669,27.09378252886159,58.38937292842614
2024-06-30 02:21:55.119669,25.24692040926114,53.470458980791115
2024-06-30 02:22:55.119669,26.07959560756018,58.50981576545857
2024-06-30 02:23:55.119669,20.395841231283523,57.48494310619767
2024-06-30 02:24:55.119669,23.322389185002013,40.747988611613515
2024-06-30 02:25:55.119669,23.206624323342208,55.03739160537898
2024-06-30 02:26:55.119669,28.338742853086416,56.392755076298144
2024-06-30 02:27:55.119669,24.128226217280258,44.440342856412656
2024-06-30 02:28:55.119669,23.738379173934373,44.77137788873448
2024-06-30 02:29:55.119669,21.35146122469454,56.73461600199239
2024-06-30 02:30:55.119669,23.160974186705072,50.6628755465173
2024-06-30 02:31:55.119669,29.727258244986807,50.66886637876693
2024-06-30 02:32:55.119669,24.10137619770235,50.874198632050536
2024-06-30 02:33:55.119669,25.265598222247807,54.8530990140724
2024-06-30 02:34:55.119669,28.20356657608133,47.88681892984469
2024-06-30 02:35:55.119669,21.2695615487319,46.79100568845607
2024-06-30 02:36:55.119669,21.589953659837136,59.87927504326369
2024-06-30 02:37:55.119669,24.016509482732463,55.145837550202465
2024-06-30 02:38:55.119669,27.60560415100512,45.655257529887756
2024-06-30 02:39:55.119669,22.231491186785124,54.569819791790465
2024-06-30 02:40:55.119669,29.271494019724784,43.41717566842117
2024-06-30 02:41:55.119669,26.67284809084093,56.873064173988524
2024-06-30 02:42:55.119669,23.04334252054796,55.320983436674936
2024-06-30 02:43:55.119669,21.73043022964115,55.245887607836366
2024-06-30 02:44:55.119669,26.51380643733232,47.397148128364655
2024-06-30 02:45:55.119669,24.581812924192548,54.056092182604345
2024-06-30 02:46:55.119669,25.013095077034748,53.924825294434676
2024-06-30 02:47:55.119669,21.766620415415243,55.88939831077556
2024-06-30 02:48:55.119669,25.93453470084335,51.76711889735756
2024-06-30 02:49:55.119669,25.27540372126679,45.61300911327706
2024-06-30 02:50:55.119669,20.800953347656854,59.44596197937483
2024-06-30 02:51:55.119669,28.63597304809572,40.809532027279836
2024-06-30 02:52:55.119669,22.31354777933404,58.159277262831324
2024-06-30 02:53:55.119669,24.834001421214033,43.8548586278976
2024-06-30 02:54:55.119669,29.744742485207873,53.845752748148186
2024-06-30 02:55:55.119669,24.78045052125207,41.01396224593715
2024-06-30 02:56:55.119669,23.52803954674079,55.93998666056204
2024-06-30 02:57:55.119669,22.949158351233173,42.186461051384995
2024-06-30 02:58:55.119669,22.418555929297632,43.67587708440199
2024-06-30 02:59:55.119669,28.5189459001121,53.785979242167905
2024-06-30 03:00:55.119669,24.40498667510882,43.11287534256304
2024-06-30 03:01:55.119669,26.276455545228053,45.49704692165609
2024-06-30 03:02:55.119669,21.094614144623634,46.970534541264534
2024-06-30 03:03:55.119669,21.60032355748272,48.28619896304463
2024-06-30 03:04:55.119669,26.347071327620544,49.84294749195047
2024-06-30 03:05:55.119669,29.837542727874663,52.45115781312264
2024-06-30 03:06:55.119669,23.584844255409074,54.072833611116785
2024-06-30 03:07:55.119669,26.19937019306112,41.04946189011728
2024-06-30 03:08:55.119669,23.469772856187276,58.76287881591999
2024-06-30 03:09:55.119669,23.327828647587722,52.844940868867994
2024-06-30 03:10:55.119669,27.169548436489368,56.723158393799125
2024-06-30 03:11:55.119669,27.340947554624428,58.13071809579367
2024-06-30 03:12:55.119669,23.257638675077988,46.503401801095606
2024-06-30 03:13:55.119669,20.83985370333439,51.76150631311478
2024-06-30 03:14:55.119669,25.526349549544868,52.11062992182604
2024-06-30 03:15:55.119669,20.64676399068355,41.23690439612225
2024-06-30 03:16:55.119669,21.341416143394394,42.331912782669356
2024-06-30 03:17:55.119669,27.55620391408451,59.61845939175211
2024-06-30 03:18:55.119669,25.778385450871415,40.47277845465526
2024-06-30 03:19:55.119669,26.7578453994742,43.9758155190705
2024-06-30 03:20:55.119669,27.920305875348458,47.72836883589661
2024-06-30 03:21:55.119669,23.880701790155445,42.76209526204186
2024-06-30 03:22:55.119669,28.64029963553848,58.96089753458729
2024-06-30 03:23:55.119669,20.55632488073679,43.154408292211016
2024-06-30 03:24:55.119669,24.81720767248934,59.04233368984849
2024-06-30 03:25:55.119669,20.449926336618102,42.94425417623404
2024-06-30 03:26:55.119669,20.808106317931422,49.39254010335493
2024-06-30 03:27:55.119669,25.189647633905196,50.87223849920794
2024-06-30 03:28:55.119669,26.99462021698146,43.84673441576439
2024-06-30 03:29:55.119669,20.163227659463505,46.15130666031767
2024-06-30 03:30:55.119669,21.967890431039546,45.82235051159564
2024-06-30 03:31:55.119669,26.793380660940038,43.41300777496483
2024-06-30 03:32:55.119669,21.097308962374903,50.37496034626298
2024-06-30 03:33:55.119669,21.10008251819995,50.31342181923639
2024-06-30 03:34:55.119669,26.386115837613826,58.35719039306896
2024-06-30 03:35:55.119669,25.744780524895056,55.034871428426605
2024-06-30 03:36:55.119669,22.643042418040643,45.67745980119765
2024-06-30 03:37:55.119669,23.887319067303444,51.01992354484711
2024-06-30 03:38:55.119669,29.259164708227587,57.915082611996475
2024-06-30 03:39:55.119669,26.585050988777912,40.791641837199
2024-06-30 03:40:55.119669,22.877780174652457,52.84985318140829
2024-06-30 03:41:55.119669,27.88593353387752,57.920524055777
2024-06-30 03:42:55.119669,25.116061836419608,53.17929185108265
2024-06-30 03:43:55.119669,23.179573005653374,43.40480092382516
2024-06-30 03:44:55.119669,27.74810645604317,50.736110823010875
2024-06-30 03:45:55.119669,27.78229772141073,54.58263334651637
2024-06-30 03:46:55.119669,22.689945076441205,50.01822411090686
2024-06-30 03:47:55.119669,28.770722655411195,58.77238287991538
2024-06-30 03:48:55.119669,21.068025730625223,42.20865023127158
2024-06-30 03:49:55.119669,28.546487277969668,52.30548314258435
2024-06-30 03:50:55.119669,28.27735947060467,41.27027742510669
2024-06-30 03:51:55.119669,26.218379947305515,50.42733806449499
2024-06-30 03:52:55.119669,26.402413756644897,43.915790943066796
2024-06-30 03:53:55.119669,22.265449705315735,43.35694686687714
2024-06-30 03:54:55.119669,27.59496161683505,49.041106054575714
2024-06-30 03:55:55.119669,22.385809855946682,48.03712858594191
2024-06-30 03:56:55.119669,25.872667741332663,49.43287785828128
2024-06-30 03:57:55.119669,24.229291306546216,44.59908415828413
2024-06-30 03:58:55.119669,29.726594705781764,52.41580329131041
2024-06-30 03:59:55.119669,23.830584814931033,58.820573386464
2024-06-30 04:00:55.119669,24.66211517794592,53.52921677639243
2024-06-30 04:01:55.119669,22.544542500774025,52.42695380921231
2024-06-30 04:02:55.119669,21.307583873239604,55.98251437595933
2024-06-30 04:03:55.119669,20.33232799016179,40.62854835607054
2024-06-30 04:04:55.119669,29.531151596376407,52.51804317742515
2024-06-30 04:05:55.119669,22.053213605717296,49.75284608636868
2024-06-30 04:06:55.119669,23.065162573929204,45.08517286565975
2024-06-30 04:07:55.119669,26.511466155001255,52.696040248192155
2024-06-30 04:08:55.119669,28.454068961674302,49.62730673181689
2024-06-30 04:09:55.119669,20.615876129335234,52.49734043897219
2024-06-30 04:10:55.119669,20.01773104205722,49.189475992113145
2024-06-30 04:11:55.119669,23.11918780646524,51.39497018142315
